n,Compiled Simple Pytorch,Simple Pytorch,Triton Kernel,Deepspeed
32.000000,0.118016,0.144736,0.174080,0.048128
64.000000,0.070496,0.168864,0.345056,0.094208
128.000000,0.319824,0.444416,0.323952,0.420864
256.000000,3.211776,3.291136,2.207888,2.957696
512.000000,27.512833,24.194048,11.026432,22.799456
768.000000,101.654526,79.842819,35.954689,80.936356
1024.000000,inf,inf,84.933632,198.533127
2048.000000,inf,inf,734.069763,1602.945068
