n,Compiled Simple Pytorch,Simple Pytorch,Triton Kernel,Deepspeed
32.000000,0.141312,0.309248,0.153600,0.048128
64.000000,0.110624,0.283648,0.292864,0.094208
128.000000,0.314368,0.440320,0.309248,0.420864
256.000000,2.859008,2.917376,1.934336,2.658304
512.000000,25.141247,21.955070,9.688576,20.903936
768.000000,91.661316,72.249855,30.728191,74.927612
1024.000000,inf,inf,71.386627,180.278275
2048.000000,inf,inf,571.211792,1469.807617
