n,Compiled Simple Pytorch,Simple Pytorch,Triton Kernel,Deepspeed
32.000000,0.015360,0.020480,0.010144,0.028672
64.000000,0.033792,0.037888,0.021504,0.050176
128.000000,0.194560,0.228352,0.043008,0.172032
256.000000,1.521664,1.626112,0.228352,0.904688
512.000000,18.430464,12.921664,1.728512,6.389760
768.000000,66.204834,43.424255,5.555600,21.741568
1024.000000,184.338425,inf,12.817408,52.126720
2048.000000,inf,inf,102.166016,397.657867
