n,Compiled Simple Pytorch,Simple Pytorch,Triton Kernel,Deepspeed
32.000000,0.014336,0.020480,0.009216,0.028672
64.000000,0.032768,0.037888,0.015360,0.050176
128.000000,0.193536,0.224256,0.040960,0.172032
256.000000,1.522688,1.618944,0.222208,0.891904
512.000000,18.518448,12.640256,1.605472,6.188032
768.000000,68.323334,44.040192,5.659648,21.330944
1024.000000,183.967743,inf,12.098560,49.494015
2048.000000,inf,inf,110.617088,390.735870
