n,Compiled Simple Pytorch,Simple Pytorch,Triton Kernel,Deepspeed
32.000000,0.058368,0.157792,0.124864,0.048128
64.000000,0.069632,0.166192,0.148480,0.094208
128.000000,0.316416,0.440320,0.324608,0.419840
256.000000,2.875392,2.917376,1.888256,2.662400
512.000000,24.830624,21.976578,9.831425,21.041151
768.000000,92.077568,72.420448,30.869503,74.524078
1024.000000,inf,inf,74.650604,180.819199
2048.000000,inf,inf,678.071289,1471.786011
