n,Compiled Simple Pytorch,Simple Pytorch,Triton Kernel,Deepspeed
32.000000,0.015360,0.020480,0.009216,0.028672
64.000000,0.033792,0.037888,0.021504,0.051200
128.000000,0.195584,0.229920,0.043008,0.172032
256.000000,1.536000,1.624064,0.223232,0.898048
512.000000,20.509695,13.774336,1.662976,6.564864
768.000000,75.433983,46.913631,5.842544,23.833714
1024.000000,202.651840,inf,12.868608,54.045696
2048.000000,inf,inf,110.622719,427.400391
